id,city,area_m2,price_eur,bedrooms,property_type,year
1,Madrid,210,818000,5,Apartment,2010
2,Barcelona,115,547000,2,Studio,2011
3,Valencia,138,365000,3,House,2012
4,Sevilla,203,468000,5,Apartment,2013
5,Madrid,136,504000,3,Studio,2014
6,Barcelona,132,547000,3,House,2015
7,Valencia,209,580000,5,Apartment,2016
8,Sevilla,163,416000,4,Studio,2017
9,Madrid,47,183000,1,House,2018
10,Barcelona,121,570000,3,Apartment,2019
11,Valencia,163,445000,4,Studio,2020
12,Sevilla,204,449000,5,House,2021
13,Madrid,139,512000,3,Apartment,2022
14,Barcelona,184,722000,4,Studio,2023
15,Valencia,165,497000,4,House,2024
16,Sevilla,214,521000,5,Apartment,2010
17,Madrid,105,497000,2,Studio,2011
18,Barcelona,41,115000,1,House,2012
19,Valencia,52,88000,1,Apartment,2013
20,Sevilla,201,487000,5,Studio,2014
21,Madrid,111,426000,2,House,2015
22,Barcelona,53,304000,1,Apartment,2016
23,Valencia,170,451000,4,Studio,2017
24,Sevilla,102,267000,2,House,2018
25,Madrid,76,324000,1,Apartment,2019
26,Barcelona,59,248000,1,Studio,2020
27,Valencia,140,366000,3,House,2021
28,Sevilla,130,248000,3,Apartment,2022
29,Madrid,116,463000,2,Studio,2023
30,Barcelona,91,340000,2,House,2024
31,Valencia,45,183000,1,Apartment,2010
32,Sevilla,38,80000,1,Studio,2011
33,Madrid,155,685000,3,House,2012
34,Barcelona,86,333000,2,Apartment,2013
35,Valencia,143,374000,3,Studio,2014
36,Sevilla,82,191000,2,House,2015
37,Madrid,97,418000,2,Apartment,2016
38,Barcelona,210,875000,5,Studio,2017
39,Valencia,54,108000,1,House,2018
40,Sevilla,128,309000,3,Apartment,2019
41,Madrid,42,109000,1,Studio,2020
42,Barcelona,143,604000,3,House,2021
43,Valencia,201,500000,5,Apartment,2022
44,Sevilla,174,327000,4,Studio,2023
45,Madrid,101,448000,2,House,2024
46,Barcelona,172,811000,4,Apartment,2010
47,Valencia,39,83000,1,Studio,2011
48,Sevilla,60,80000,1,House,2012
49,Madrid,124,569000,3,Apartment,2013
50,Barcelona,191,783000,4,Studio,2014
51,Valencia,44,80000,1,House,2015
52,Sevilla,115,200000,2,Apartment,2016
53,Madrid,44,221000,1,Studio,2017
54,Barcelona,192,861000,4,House,2018
55,Valencia,196,523000,4,Apartment,2019
56,Sevilla,190,387000,4,Studio,2020
57,Madrid,191,755000,4,House,2021
58,Barcelona,217,1024000,5,Apartment,2022
59,Valencia,60,88000,1,Studio,2023
60,Sevilla,179,484000,4,House,2024
61,Madrid,97,445000,2,Apartment,2010
62,Barcelona,218,901000,5,Studio,2011
63,Valencia,160,469000,4,House,2012
64,Sevilla,121,323000,3,Apartment,2013
65,Madrid,75,376000,1,Studio,2014
66,Barcelona,137,662000,3,House,2015
67,Valencia,96,248000,2,Apartment,2016
68,Sevilla,133,279000,3,Studio,2017
69,Madrid,142,612000,3,House,2018
70,Barcelona,63,208000,1,Apartment,2019
71,Valencia,161,405000,4,Studio,2020
72,Sevilla,132,290000,3,House,2021
73,Madrid,66,222000,1,Apartment,2022
74,Barcelona,95,485000,2,Studio,2023
75,Valencia,55,163000,1,House,2024
76,Sevilla,149,293000,3,Apartment,2010
77,Madrid,118,530000,2,Studio,2011
78,Barcelona,96,410000,2,House,2012
79,Valencia,99,233000,2,Apartment,2013
80,Sevilla,89,231000,2,Studio,2014
81,Madrid,162,711000,4,House,2015
82,Barcelona,170,667000,4,Apartment,2016
83,Valencia,58,80000,1,Studio,2017
84,Sevilla,49,80000,1,House,2018
85,Madrid,118,509000,2,Apartment,2019
86,Barcelona,129,510000,3,Studio,2020
87,Valencia,46,80000,1,House,2021
88,Sevilla,200,435000,5,Apartment,2022
89,Madrid,84,382000,2,Studio,2023
90,Barcelona,213,892000,5,House,2024
91,Valencia,195,586000,4,Apartment,2010
92,Sevilla,203,451000,5,Studio,2011
93,Madrid,131,473000,3,House,2012
94,Barcelona,46,156000,1,Apartment,2013
95,Valencia,184,470000,4,Studio,2014
96,Sevilla,197,444000,4,House,2015
97,Madrid,179,672000,4,Apartment,2016
98,Barcelona,83,389000,2,Studio,2017
99,Valencia,137,370000,3,House,2018
100,Sevilla,58,137000,1,Apartment,2019
101,Madrid,62,249000,1,Studio,2020
102,Barcelona,189,859000,4,House,2021
103,Valencia,178,527000,4,Apartment,2022
104,Sevilla,204,512000,5,Studio,2023
105,Madrid,180,771000,4,House,2024
106,Barcelona,69,319000,1,Apartment,2010
107,Valencia,47,80000,1,Studio,2011
108,Sevilla,145,336000,3,House,2012
109,Madrid,37,80000,1,Apartment,2013
110,Barcelona,82,413000,2,Studio,2014
111,Valencia,140,375000,3,House,2015
112,Sevilla,181,451000,4,Apartment,2016
113,Madrid,164,704000,4,Studio,2017
114,Barcelona,135,584000,3,House,2018
115,Valencia,68,176000,1,Apartment,2019
116,Sevilla,161,391000,4,Studio,2020
117,Madrid,131,580000,3,House,2021
118,Barcelona,53,252000,1,Apartment,2022
119,Valencia,80,266000,2,Studio,2023
120,Sevilla,135,304000,3,House,2024
121,Madrid,156,559000,3,Apartment,2010
122,Barcelona,172,694000,4,Studio,2011
123,Valencia,77,157000,1,House,2012
124,Sevilla,98,274000,2,Apartment,2013
125,Madrid,190,707000,4,Studio,2014
126,Barcelona,135,591000,3,House,2015
127,Valencia,106,315000,2,Apartment,2016
128,Sevilla,181,406000,4,Studio,2017
129,Madrid,98,335000,2,House,2018
130,Barcelona,104,457000,2,Apartment,2019
131,Valencia,183,485000,4,Studio,2020
132,Sevilla,58,111000,1,House,2021
133,Madrid,115,500000,2,Apartment,2022
134,Barcelona,81,378000,2,Studio,2023
135,Valencia,169,434000,4,House,2024
136,Sevilla,198,495000,4,Apartment,2010
137,Madrid,73,219000,1,Studio,2011
138,Barcelona,105,433000,2,House,2012
139,Valencia,210,502000,5,Apartment,2013
140,Sevilla,191,404000,4,Studio,2014
141,Madrid,163,724000,4,House,2015
142,Barcelona,159,649000,3,Apartment,2016
143,Valencia,132,328000,3,Studio,2017
144,Sevilla,139,320000,3,House,2018
145,Madrid,213,885000,5,Apartment,2019
146,Barcelona,180,764000,4,Studio,2020
147,Valencia,172,469000,4,House,2021
148,Sevilla,112,292000,2,Apartment,2022
149,Madrid,93,346000,2,Studio,2023
150,Barcelona,200,868000,5,House,2024
151,Valencia,184,547000,4,Apartment,2010
152,Sevilla,64,217000,1,Studio,2011
153,Madrid,133,614000,3,House,2012
154,Barcelona,119,557000,2,Apartment,2013
155,Valencia,160,372000,4,Studio,2014
156,Sevilla,61,80000,1,House,2015
157,Madrid,165,671000,4,Apartment,2016
158,Barcelona,149,634000,3,Studio,2017
159,Valencia,61,139000,1,House,2018
160,Sevilla,218,510000,5,Apartment,2019
161,Madrid,115,454000,2,Studio,2020
162,Barcelona,104,493000,2,House,2021
163,Valencia,205,524000,5,Apartment,2022
164,Sevilla,90,151000,2,Studio,2023
165,Madrid,63,333000,1,House,2024
166,Barcelona,124,484000,3,Apartment,2010
167,Valencia,192,457000,4,Studio,2011
168,Sevilla,55,146000,1,House,2012
169,Madrid,82,366000,2,Apartment,2013
170,Barcelona,52,155000,1,Studio,2014
171,Valencia,91,226000,2,House,2015
172,Sevilla,206,494000,5,Apartment,2016
173,Madrid,63,185000,1,Studio,2017
174,Barcelona,66,209000,1,House,2018
175,Valencia,209,613000,5,Apartment,2019
176,Sevilla,146,373000,3,Studio,2020
177,Madrid,194,744000,4,House,2021
178,Barcelona,181,725000,4,Apartment,2022
179,Valencia,56,108000,1,Studio,2023
180,Sevilla,190,487000,4,House,2024
181,Madrid,70,314000,1,Apartment,2010
182,Barcelona,218,1015000,5,Studio,2011
183,Valencia,107,316000,2,House,2012
184,Sevilla,156,293000,3,Apartment,2013
185,Madrid,153,641000,3,Studio,2014
186,Barcelona,157,712000,3,House,2015
187,Valencia,191,444000,4,Apartment,2016
188,Sevilla,160,375000,4,Studio,2017
189,Madrid,200,783000,5,House,2018
190,Barcelona,161,666000,4,Apartment,2019
191,Valencia,157,458000,3,Studio,2020
192,Sevilla,74,215000,1,House,2021
193,Madrid,123,469000,3,Apartment,2022
194,Barcelona,61,191000,1,Studio,2023
195,Valencia,156,401000,3,House,2024
196,Sevilla,143,333000,3,Apartment,2010
197,Madrid,49,158000,1,Studio,2011
198,Barcelona,99,462000,2,House,2012
199,Valencia,97,250000,2,Apartment,2013
200,Sevilla,123,337000,3,Studio,2014
201,Madrid,63,215000,1,House,2015
202,Barcelona,179,713000,4,Apartment,2016
203,Valencia,159,381000,3,Studio,2017
204,Sevilla,62,136000,1,House,2018
205,Madrid,135,525000,3,Apartment,2019
206,Barcelona,80,303000,2,Studio,2020
207,Valencia,123,313000,3,House,2021
208,Sevilla,101,176000,2,Apartment,2022
209,Madrid,59,197000,1,Studio,2023
210,Barcelona,118,533000,2,House,2024
211,Valencia,182,531000,4,Apartment,2010
212,Sevilla,117,288000,2,Studio,2011
213,Madrid,120,537000,3,House,2012
214,Barcelona,108,447000,2,Apartment,2013
215,Valencia,214,513000,5,Studio,2014
216,Sevilla,61,100000,1,House,2015
217,Madrid,117,406000,2,Apartment,2016
218,Barcelona,133,534000,3,Studio,2017
219,Valencia,62,106000,1,House,2018
220,Sevilla,140,352000,3,Apartment,2019
221,Madrid,85,287000,2,Studio,2020
222,Barcelona,140,610000,3,House,2021
223,Valencia,65,243000,1,Apartment,2022
224,Sevilla,69,186000,1,Studio,2023
225,Madrid,158,718000,3,House,2024
226,Barcelona,124,566000,3,Apartment,2010
227,Valencia,53,173000,1,Studio,2011
228,Sevilla,161,358000,4,House,2012
229,Madrid,195,727000,4,Apartment,2013
230,Barcelona,154,696000,3,Studio,2014
231,Valencia,216,614000,5,House,2015
232,Sevilla,171,417000,4,Apartment,2016
233,Madrid,50,143000,1,Studio,2017
234,Barcelona,165,755000,4,House,2018
235,Valencia,77,168000,1,Apartment,2019
236,Sevilla,69,147000,1,Studio,2020
237,Madrid,140,528000,3,House,2021
238,Barcelona,195,873000,4,Apartment,2022
239,Valencia,74,127000,1,Studio,2023
240,Sevilla,152,395000,3,House,2024
241,Madrid,176,749000,4,Apartment,2010
242,Barcelona,143,667000,3,Studio,2011
243,Valencia,90,171000,2,House,2012
244,Sevilla,189,438000,4,Apartment,2013
245,Madrid,71,337000,1,Studio,2014
246,Barcelona,72,238000,1,House,2015
247,Valencia,76,195000,1,Apartment,2016
248,Sevilla,211,438000,5,Studio,2017
249,Madrid,183,672000,4,House,2018
250,Barcelona,45,175000,1,Apartment,2019
251,Valencia,142,398000,3,Studio,2020
252,Sevilla,190,417000,4,House,2021
253,Madrid,54,187000,1,Apartment,2022
254,Barcelona,187,737000,4,Studio,2023
255,Valencia,74,127000,1,House,2024
256,Sevilla,36,129000,1,Apartment,2010
257,Madrid,43,146000,1,Studio,2011
258,Barcelona,50,162000,1,House,2012
259,Valencia,132,308000,3,Apartment,2013
260,Sevilla,138,382000,3,Studio,2014
261,Madrid,190,738000,4,House,2015
262,Barcelona,195,788000,4,Apartment,2016
263,Valencia,117,253000,2,Studio,2017
264,Sevilla,189,395000,4,House,2018
265,Madrid,84,386000,2,Apartment,2019
266,Barcelona,207,962000,5,Studio,2020
267,Valencia,154,347000,3,House,2021
268,Sevilla,94,218000,2,Apartment,2022
269,Madrid,178,660000,4,Studio,2023
270,Barcelona,154,598000,3,House,2024
271,Valencia,77,255000,1,Apartment,2010
272,Sevilla,95,267000,2,Studio,2011
273,Madrid,103,456000,2,House,2012
274,Barcelona,176,707000,4,Apartment,2013
275,Valencia,198,575000,4,Studio,2014
276,Sevilla,57,80000,1,House,2015
277,Madrid,110,416000,2,Apartment,2016
278,Barcelona,218,941000,5,Studio,2017
279,Valencia,61,196000,1,House,2018
280,Sevilla,120,215000,3,Apartment,2019
281,Madrid,197,874000,4,Studio,2020
282,Barcelona,108,418000,2,House,2021
283,Valencia,207,489000,5,Apartment,2022
284,Sevilla,170,452000,4,Studio,2023
285,Madrid,196,835000,4,House,2024
286,Barcelona,126,550000,3,Apartment,2010
287,Valencia,149,440000,3,Studio,2011
288,Sevilla,180,362000,4,House,2012
289,Madrid,124,498000,3,Apartment,2013
290,Barcelona,79,415000,1,Studio,2014
291,Valencia,77,121000,1,House,2015
292,Sevilla,208,418000,5,Apartment,2016
293,Madrid,140,493000,3,Studio,2017
294,Barcelona,137,547000,3,House,2018
295,Valencia,109,233000,2,Apartment,2019
296,Sevilla,64,184000,1,Studio,2020
297,Madrid,192,808000,4,House,2021
298,Barcelona,70,311000,1,Apartment,2022
299,Valencia,60,88000,1,Studio,2023
300,Sevilla,55,80000,1,House,2024
301,Madrid,210,859000,5,Apartment,2010
302,Barcelona,174,687000,4,Studio,2011
303,Valencia,123,379000,3,House,2012
304,Sevilla,40,80000,1,Apartment,2013
305,Madrid,139,580000,3,Studio,2014
306,Barcelona,95,467000,2,House,2015
307,Valencia,81,200000,2,Apartment,2016
308,Sevilla,207,411000,5,Studio,2017
309,Madrid,52,285000,1,House,2018
310,Barcelona,55,212000,1,Apartment,2019
311,Valencia,173,463000,4,Studio,2020
312,Sevilla,81,162000,2,House,2021
313,Madrid,47,266000,1,Apartment,2022
314,Barcelona,189,891000,4,Studio,2023
315,Valencia,97,329000,2,House,2024
316,Sevilla,197,451000,4,Apartment,2010
317,Madrid,214,827000,5,Studio,2011
318,Barcelona,57,245000,1,House,2012
319,Valencia,70,150000,1,Apartment,2013
320,Sevilla,131,358000,3,Studio,2014
321,Madrid,120,491000,3,House,2015
322,Barcelona,120,500000,3,Apartment,2016
323,Valencia,68,207000,1,Studio,2017
324,Sevilla,96,294000,2,House,2018
325,Madrid,184,729000,4,Apartment,2019
326,Barcelona,185,820000,4,Studio,2020
327,Valencia,196,583000,4,House,2021
328,Sevilla,66,202000,1,Apartment,2022
329,Madrid,200,799000,5,Studio,2023
330,Barcelona,154,730000,3,House,2024
331,Valencia,144,377000,3,Apartment,2010
332,Sevilla,96,270000,2,Studio,2011
333,Madrid,43,244000,1,House,2012
334,Barcelona,151,688000,3,Apartment,2013
335,Valencia,153,352000,3,Studio,2014
336,Sevilla,79,261000,1,House,2015
337,Madrid,128,462000,3,Apartment,2016
338,Barcelona,176,734000,4,Studio,2017
339,Valencia,157,411000,3,House,2018
340,Sevilla,151,339000,3,Apartment,2019
341,Madrid,110,402000,2,Studio,2020
342,Barcelona,47,256000,1,House,2021
343,Valencia,185,443000,4,Apartment,2022
344,Sevilla,202,434000,5,Studio,2023
345,Madrid,56,292000,1,House,2024
346,Barcelona,45,231000,1,Apartment,2010
347,Valencia,59,221000,1,Studio,2011
348,Sevilla,178,369000,4,House,2012
349,Madrid,161,722000,4,Apartment,2013
350,Barcelona,165,711000,4,Studio,2014
351,Valencia,217,512000,5,House,2015
352,Sevilla,79,162000,1,Apartment,2016
353,Madrid,51,255000,1,Studio,2017
354,Barcelona,151,730000,3,House,2018
355,Valencia,192,521000,4,Apartment,2019
356,Sevilla,41,80000,1,Studio,2020
357,Madrid,184,694000,4,House,2021
358,Barcelona,153,668000,3,Apartment,2022
359,Valencia,123,354000,3,Studio,2023
360,Sevilla,111,211000,2,House,2024
361,Madrid,147,612000,3,Apartment,2010
362,Barcelona,188,805000,4,Studio,2011
363,Valencia,111,338000,2,House,2012
364,Sevilla,91,261000,2,Apartment,2013
365,Madrid,131,510000,3,Studio,2014
366,Barcelona,112,449000,2,House,2015
367,Valencia,86,249000,2,Apartment,2016
368,Sevilla,66,219000,1,Studio,2017
369,Madrid,203,835000,5,House,2018
370,Barcelona,53,287000,1,Apartment,2019
371,Valencia,154,323000,3,Studio,2020
372,Sevilla,118,307000,2,House,2021
373,Madrid,157,663000,3,Apartment,2022
374,Barcelona,75,322000,1,Studio,2023
375,Valencia,160,454000,4,House,2024
376,Sevilla,135,364000,3,Apartment,2010
377,Madrid,74,266000,1,Studio,2011
378,Barcelona,89,383000,2,House,2012
379,Valencia,60,86000,1,Apartment,2013
380,Sevilla,217,425000,5,Studio,2014
381,Madrid,123,525000,3,House,2015
382,Barcelona,218,954000,5,Apartment,2016
383,Valencia,51,113000,1,Studio,2017
384,Sevilla,135,350000,3,House,2018
385,Madrid,71,276000,1,Apartment,2019
386,Barcelona,63,200000,1,Studio,2020
387,Valencia,211,529000,5,House,2021
388,Sevilla,91,252000,2,Apartment,2022
389,Madrid,46,116000,1,Studio,2023
390,Barcelona,166,707000,4,House,2024
391,Valencia,114,332000,2,Apartment,2010
392,Sevilla,178,350000,4,Studio,2011
393,Madrid,55,204000,1,House,2012
394,Barcelona,86,423000,2,Apartment,2013
395,Valencia,124,293000,3,Studio,2014
396,Sevilla,70,164000,1,House,2015
397,Madrid,134,592000,3,Apartment,2016
398,Barcelona,63,295000,1,Studio,2017
399,Valencia,113,326000,2,House,2018
400,Sevilla,185,367000,4,Apartment,2019
401,Madrid,180,750000,4,Studio,2020
402,Barcelona,150,673000,3,House,2021
403,Valencia,144,426000,3,Apartment,2022
404,Sevilla,169,313000,4,Studio,2023
405,Madrid,194,794000,4,House,2024
406,Barcelona,108,434000,2,Apartment,2010
407,Valencia,172,436000,4,Studio,2011
408,Sevilla,169,368000,4,House,2012
409,Madrid,182,665000,4,Apartment,2013
410,Barcelona,79,384000,1,Studio,2014
411,Valencia,186,512000,4,House,2015
412,Sevilla,144,256000,3,Apartment,2016
413,Madrid,184,771000,4,Studio,2017
414,Barcelona,128,590000,3,House,2018
415,Valencia,218,602000,5,Apartment,2019
416,Sevilla,178,392000,4,Studio,2020
417,Madrid,94,432000,2,House,2021
418,Barcelona,57,224000,1,Apartment,2022
419,Valencia,214,526000,5,Studio,2023
420,Sevilla,84,263000,2,House,2024
421,Madrid,107,379000,2,Apartment,2010
422,Barcelona,92,438000,2,Studio,2011
423,Valencia,102,198000,2,House,2012
424,Sevilla,82,229000,2,Apartment,2013
425,Madrid,195,854000,4,Studio,2014
426,Barcelona,67,268000,1,House,2015
427,Valencia,106,272000,2,Apartment,2016
428,Sevilla,203,488000,5,Studio,2017
429,Madrid,111,452000,2,House,2018
430,Barcelona,124,461000,3,Apartment,2019
431,Valencia,207,529000,5,Studio,2020
432,Sevilla,36,105000,1,House,2021
433,Madrid,111,458000,2,Apartment,2022
434,Barcelona,167,711000,4,Studio,2023
435,Valencia,101,201000,2,House,2024
436,Sevilla,123,208000,3,Apartment,2010
437,Madrid,103,472000,2,Studio,2011
438,Barcelona,197,917000,4,House,2012
439,Valencia,118,364000,2,Apartment,2013
440,Sevilla,137,244000,3,Studio,2014
441,Madrid,173,756000,4,House,2015
442,Barcelona,175,724000,4,Apartment,2016
443,Valencia,175,424000,4,Studio,2017
444,Sevilla,81,193000,2,House,2018
445,Madrid,215,816000,5,Apartment,2019
446,Barcelona,68,322000,1,Studio,2020
447,Valencia,215,638000,5,House,2021
448,Sevilla,59,148000,1,Apartment,2022
449,Madrid,135,563000,3,Studio,2023
450,Barcelona,122,552000,3,House,2024
451,Valencia,112,320000,2,Apartment,2010
452,Sevilla,52,155000,1,Studio,2011
453,Madrid,100,439000,2,House,2012
454,Barcelona,56,226000,1,Apartment,2013
455,Valencia,83,266000,2,Studio,2014
456,Sevilla,123,206000,3,House,2015
457,Madrid,78,370000,1,Apartment,2016
458,Barcelona,134,517000,3,Studio,2017
459,Valencia,216,534000,5,House,2018
460,Sevilla,179,464000,4,Apartment,2019
461,Madrid,77,338000,1,Studio,2020
462,Barcelona,133,597000,3,House,2021
463,Valencia,89,277000,2,Apartment,2022
464,Sevilla,150,399000,3,Studio,2023
465,Madrid,96,370000,2,House,2024
466,Barcelona,134,617000,3,Apartment,2010
467,Valencia,104,271000,2,Studio,2011
468,Sevilla,54,86000,1,House,2012
469,Madrid,89,434000,2,Apartment,2013
470,Barcelona,78,371000,1,Studio,2014
471,Valencia,123,384000,3,House,2015
472,Sevilla,196,458000,4,Apartment,2016
473,Madrid,70,213000,1,Studio,2017
474,Barcelona,58,287000,1,House,2018
475,Valencia,159,480000,3,Apartment,2019
476,Sevilla,58,200000,1,Studio,2020
477,Madrid,118,473000,2,House,2021
478,Barcelona,138,609000,3,Apartment,2022
479,Valencia,97,300000,2,Studio,2023
480,Sevilla,86,175000,2,House,2024
481,Madrid,140,599000,3,Apartment,2010
482,Barcelona,102,450000,2,Studio,2011
483,Valencia,219,645000,5,House,2012
484,Sevilla,106,196000,2,Apartment,2013
485,Madrid,129,572000,3,Studio,2014
486,Barcelona,42,189000,1,House,2015
487,Valencia,130,374000,3,Apartment,2016
488,Sevilla,36,80000,1,Studio,2017
489,Madrid,188,797000,4,House,2018
490,Barcelona,170,750000,4,Apartment,2019
491,Valencia,134,344000,3,Studio,2020
492,Sevilla,67,202000,1,House,2021
493,Madrid,197,832000,4,Apartment,2022
494,Barcelona,66,365000,1,Studio,2023
495,Valencia,116,325000,2,House,2024
496,Sevilla,70,155000,1,Apartment,2010
497,Madrid,183,742000,4,Studio,2011
498,Barcelona,93,384000,2,House,2012
499,Valencia,167,470000,4,Apartment,2013
500,Sevilla,204,477000,5,Studio,2014
501,Madrid,42,149000,1,House,2015
502,Barcelona,74,363000,1,Apartment,2016
503,Valencia,201,600000,5,Studio,2017
504,Sevilla,177,448000,4,House,2018
505,Madrid,84,283000,2,Apartment,2019
506,Barcelona,117,454000,2,Studio,2020
507,Valencia,147,360000,3,House,2021
508,Sevilla,220,576000,5,Apartment,2022
509,Madrid,130,561000,3,Studio,2023
510,Barcelona,164,687000,4,House,2024
511,Valencia,135,404000,3,Apartment,2010
512,Sevilla,159,393000,3,Studio,2011
513,Madrid,40,84000,1,House,2012
514,Barcelona,48,257000,1,Apartment,2013
515,Valencia,197,562000,4,Studio,2014
516,Sevilla,207,525000,5,House,2015
517,Madrid,96,451000,2,Apartment,2016
518,Barcelona,184,767000,4,Studio,2017
519,Valencia,147,318000,3,House,2018
520,Sevilla,59,201000,1,Apartment,2019
521,Madrid,68,344000,1,Studio,2020
522,Barcelona,96,398000,2,House,2021
523,Valencia,116,256000,2,Apartment,2022
524,Sevilla,112,295000,2,Studio,2023
525,Madrid,150,608000,3,House,2024
526,Barcelona,160,702000,4,Apartment,2010
527,Valencia,70,197000,1,Studio,2011
528,Sevilla,160,292000,4,House,2012
529,Madrid,108,486000,2,Apartment,2013
530,Barcelona,88,355000,2,Studio,2014
531,Valencia,212,631000,5,House,2015
532,Sevilla,67,183000,1,Apartment,2016
533,Madrid,142,556000,3,Studio,2017
534,Barcelona,111,474000,2,House,2018
535,Valencia,182,462000,4,Apartment,2019
536,Sevilla,142,374000,3,Studio,2020
537,Madrid,83,296000,2,House,2021
538,Barcelona,204,899000,5,Apartment,2022
539,Valencia,55,80000,1,Studio,2023
540,Sevilla,217,441000,5,House,2024
541,Madrid,101,381000,2,Apartment,2010
542,Barcelona,44,170000,1,Studio,2011
543,Valencia,189,521000,4,House,2012
544,Sevilla,42,102000,1,Apartment,2013
545,Madrid,86,398000,2,Studio,2014
546,Barcelona,160,683000,4,House,2015
547,Valencia,37,80000,1,Apartment,2016
548,Sevilla,158,319000,3,Studio,2017
549,Madrid,43,192000,1,House,2018
550,Barcelona,45,171000,1,Apartment,2019
551,Valencia,112,312000,2,Studio,2020
552,Sevilla,154,375000,3,House,2021
553,Madrid,167,687000,4,Apartment,2022
554,Barcelona,167,688000,4,Studio,2023
555,Valencia,192,569000,4,House,2024
556,Sevilla,110,297000,2,Apartment,2010
557,Madrid,196,739000,4,Studio,2011
558,Barcelona,158,633000,3,House,2012
559,Valencia,179,483000,4,Apartment,2013
560,Sevilla,183,406000,4,Studio,2014
561,Madrid,188,702000,4,House,2015
562,Barcelona,84,395000,2,Apartment,2016
563,Valencia,216,505000,5,Studio,2017
564,Sevilla,102,193000,2,House,2018
565,Madrid,213,852000,5,Apartment,2019
566,Barcelona,98,430000,2,Studio,2020
567,Valencia,50,113000,1,House,2021
568,Sevilla,190,489000,4,Apartment,2022
569,Madrid,54,215000,1,Studio,2023
570,Barcelona,192,765000,4,House,2024
571,Valencia,47,133000,1,Apartment,2010
572,Sevilla,119,302000,2,Studio,2011
573,Madrid,56,157000,1,House,2012
574,Barcelona,57,306000,1,Apartment,2013
575,Valencia,83,153000,2,Studio,2014
576,Sevilla,205,443000,5,House,2015
577,Madrid,201,830000,5,Apartment,2016
578,Barcelona,137,570000,3,Studio,2017
579,Valencia,68,221000,1,House,2018
580,Sevilla,211,425000,5,Apartment,2019
581,Madrid,184,669000,4,Studio,2020
582,Barcelona,149,685000,3,House,2021
583,Valencia,67,188000,1,Apartment,2022
584,Sevilla,50,131000,1,Studio,2023
585,Madrid,176,787000,4,House,2024
586,Barcelona,70,282000,1,Apartment,2010
587,Valencia,160,413000,4,Studio,2011
588,Sevilla,213,541000,5,House,2012
589,Madrid,155,598000,3,Apartment,2013
590,Barcelona,112,429000,2,Studio,2014
591,Valencia,55,149000,1,House,2015
592,Sevilla,153,332000,3,Apartment,2016
593,Madrid,100,393000,2,Studio,2017
594,Barcelona,207,965000,5,House,2018
595,Valencia,116,254000,2,Apartment,2019
596,Sevilla,100,192000,2,Studio,2020
597,Madrid,184,757000,4,House,2021
598,Barcelona,113,460000,2,Apartment,2022
599,Valencia,82,214000,2,Studio,2023
600,Sevilla,187,505000,4,House,2024
601,Madrid,157,635000,3,Apartment,2010
602,Barcelona,174,709000,4,Studio,2011
603,Valencia,164,429000,4,House,2012
604,Sevilla,60,107000,1,Apartment,2013
605,Madrid,77,335000,1,Studio,2014
606,Barcelona,212,978000,5,House,2015
607,Valencia,82,272000,2,Apartment,2016
608,Sevilla,89,125000,2,Studio,2017
609,Madrid,143,627000,3,House,2018
610,Barcelona,124,487000,3,Apartment,2019
611,Valencia,185,450000,4,Studio,2020
612,Sevilla,133,299000,3,House,2021
613,Madrid,154,668000,3,Apartment,2022
614,Barcelona,194,878000,4,Studio,2023
615,Valencia,195,447000,4,House,2024
616,Sevilla,132,245000,3,Apartment,2010
617,Madrid,137,506000,3,Studio,2011
618,Barcelona,123,486000,3,House,2012
619,Valencia,140,302000,3,Apartment,2013
620,Sevilla,164,425000,4,Studio,2014
621,Madrid,206,828000,5,House,2015
622,Barcelona,36,106000,1,Apartment,2016
623,Valencia,195,469000,4,Studio,2017
624,Sevilla,83,254000,2,House,2018
625,Madrid,43,251000,1,Apartment,2019
626,Barcelona,217,988000,5,Studio,2020
627,Valencia,82,253000,2,House,2021
628,Sevilla,94,165000,2,Apartment,2022
629,Madrid,196,766000,4,Studio,2023
630,Barcelona,182,827000,4,House,2024
631,Valencia,79,126000,1,Apartment,2010
632,Sevilla,158,323000,3,Studio,2011
633,Madrid,184,741000,4,House,2012
634,Barcelona,71,329000,1,Apartment,2013
635,Valencia,106,266000,2,Studio,2014
636,Sevilla,187,360000,4,House,2015
637,Madrid,103,373000,2,Apartment,2016
638,Barcelona,86,372000,2,Studio,2017
639,Valencia,143,430000,3,House,2018
640,Sevilla,176,331000,4,Apartment,2019
641,Madrid,206,883000,5,Studio,2020
642,Barcelona,200,801000,5,House,2021
643,Valencia,179,396000,4,Apartment,2022
644,Sevilla,95,262000,2,Studio,2023
645,Madrid,134,508000,3,House,2024
646,Barcelona,209,930000,5,Apartment,2010
647,Valencia,144,447000,3,Studio,2011
648,Sevilla,49,180000,1,House,2012
649,Madrid,41,231000,1,Apartment,2013
650,Barcelona,153,592000,3,Studio,2014
651,Valencia,58,82000,1,House,2015
652,Sevilla,197,456000,4,Apartment,2016
653,Madrid,182,700000,4,Studio,2017
654,Barcelona,43,260000,1,House,2018
655,Valencia,39,110000,1,Apartment,2019
656,Sevilla,140,386000,3,Studio,2020
657,Madrid,89,438000,2,House,2021
658,Barcelona,52,265000,1,Apartment,2022
659,Valencia,90,169000,2,Studio,2023
660,Sevilla,146,384000,3,House,2024
661,Madrid,190,699000,4,Apartment,2010
662,Barcelona,96,494000,2,Studio,2011
663,Valencia,212,611000,5,House,2012
664,Sevilla,43,127000,1,Apartment,2013
665,Madrid,140,535000,3,Studio,2014
666,Barcelona,144,700000,3,House,2015
667,Valencia,84,186000,2,Apartment,2016
668,Sevilla,155,351000,3,Studio,2017
669,Madrid,94,418000,2,House,2018
670,Barcelona,179,731000,4,Apartment,2019
671,Valencia,154,357000,3,Studio,2020
672,Sevilla,101,307000,2,House,2021
673,Madrid,138,584000,3,Apartment,2022
674,Barcelona,129,523000,3,Studio,2023
675,Valencia,147,447000,3,House,2024
676,Sevilla,92,141000,2,Apartment,2010
677,Madrid,77,328000,1,Studio,2011
678,Barcelona,134,531000,3,House,2012
679,Valencia,180,396000,4,Apartment,2013
680,Sevilla,46,80000,1,Studio,2014
681,Madrid,182,812000,4,House,2015
682,Barcelona,69,253000,1,Apartment,2016
683,Valencia,117,320000,2,Studio,2017
684,Sevilla,150,338000,3,House,2018
685,Madrid,193,723000,4,Apartment,2019
686,Barcelona,155,727000,3,Studio,2020
687,Valencia,143,437000,3,House,2021
688,Sevilla,91,204000,2,Apartment,2022
689,Madrid,199,745000,4,Studio,2023
690,Barcelona,156,748000,3,House,2024
691,Valencia,112,303000,2,Apartment,2010
692,Sevilla,77,103000,1,Studio,2011
693,Madrid,144,511000,3,House,2012
694,Barcelona,186,849000,4,Apartment,2013
695,Valencia,53,201000,1,Studio,2014
696,Sevilla,73,211000,1,House,2015
697,Madrid,115,438000,2,Apartment,2016
698,Barcelona,215,942000,5,Studio,2017
699,Valencia,51,128000,1,House,2018
700,Sevilla,206,410000,5,Apartment,2019
701,Madrid,75,297000,1,Studio,2020
702,Barcelona,126,480000,3,House,2021
703,Valencia,73,263000,1,Apartment,2022
704,Sevilla,190,441000,4,Studio,2023
705,Madrid,118,484000,2,House,2024
706,Barcelona,64,211000,1,Apartment,2010
707,Valencia,102,221000,2,Studio,2011
708,Sevilla,171,353000,4,House,2012
709,Madrid,149,585000,3,Apartment,2013
710,Barcelona,40,170000,1,Studio,2014
711,Valencia,57,193000,1,House,2015
712,Sevilla,103,234000,2,Apartment,2016
713,Madrid,156,600000,3,Studio,2017
714,Barcelona,147,563000,3,House,2018
715,Valencia,167,378000,4,Apartment,2019
716,Sevilla,73,166000,1,Studio,2020
717,Madrid,196,861000,4,House,2021
718,Barcelona,89,390000,2,Apartment,2022
719,Valencia,218,556000,5,Studio,2023
720,Sevilla,104,166000,2,House,2024
721,Madrid,176,647000,4,Apartment,2010
722,Barcelona,107,511000,2,Studio,2011
723,Valencia,110,276000,2,House,2012
724,Sevilla,219,506000,5,Apartment,2013
725,Madrid,164,696000,4,Studio,2014
726,Barcelona,207,955000,5,House,2015
727,Valencia,161,391000,4,Apartment,2016
728,Sevilla,176,458000,4,Studio,2017
729,Madrid,72,323000,1,House,2018
730,Barcelona,175,775000,4,Apartment,2019
731,Valencia,194,506000,4,Studio,2020
732,Sevilla,177,406000,4,House,2021
733,Madrid,203,852000,5,Apartment,2022
734,Barcelona,84,407000,2,Studio,2023
735,Valencia,38,80000,1,House,2024
736,Sevilla,214,413000,5,Apartment,2010
737,Madrid,160,581000,4,Studio,2011
738,Barcelona,52,212000,1,House,2012
739,Valencia,215,503000,5,Apartment,2013
740,Sevilla,80,125000,2,Studio,2014
741,Madrid,51,207000,1,House,2015
742,Barcelona,111,531000,2,Apartment,2016
743,Valencia,177,410000,4,Studio,2017
744,Sevilla,54,94000,1,House,2018
745,Madrid,204,786000,5,Apartment,2019
746,Barcelona,146,699000,3,Studio,2020
747,Valencia,152,392000,3,House,2021
748,Sevilla,67,80000,1,Apartment,2022
749,Madrid,195,809000,4,Studio,2023
750,Barcelona,38,222000,1,House,2024
751,Valencia,187,498000,4,Apartment,2010
752,Sevilla,40,158000,1,Studio,2011
753,Madrid,169,710000,4,House,2012
754,Barcelona,49,184000,1,Apartment,2013
755,Valencia,56,116000,1,Studio,2014
756,Sevilla,74,246000,1,House,2015
757,Madrid,96,412000,2,Apartment,2016
758,Barcelona,181,731000,4,Studio,2017
759,Valencia,122,239000,3,House,2018
760,Sevilla,77,205000,1,Apartment,2019
761,Madrid,68,240000,1,Studio,2020
762,Barcelona,199,840000,4,House,2021
763,Valencia,148,443000,3,Apartment,2022
764,Sevilla,87,195000,2,Studio,2023
765,Madrid,114,474000,2,House,2024
766,Barcelona,178,835000,4,Apartment,2010
767,Valencia,157,465000,3,Studio,2011
768,Sevilla,173,357000,4,House,2012
769,Madrid,88,357000,2,Apartment,2013
770,Barcelona,36,169000,1,Studio,2014
771,Valencia,93,235000,2,House,2015
772,Sevilla,47,80000,1,Apartment,2016
773,Madrid,186,771000,4,Studio,2017
774,Barcelona,62,339000,1,House,2018
775,Valencia,195,481000,4,Apartment,2019
776,Sevilla,133,250000,3,Studio,2020
777,Madrid,93,313000,2,House,2021
778,Barcelona,211,919000,5,Apartment,2022
779,Valencia,173,442000,4,Studio,2023
780,Sevilla,43,80000,1,House,2024
781,Madrid,128,555000,3,Apartment,2010
782,Barcelona,130,518000,3,Studio,2011
783,Valencia,198,490000,4,House,2012
784,Sevilla,180,388000,4,Apartment,2013
785,Madrid,60,288000,1,Studio,2014
786,Barcelona,106,525000,2,House,2015
787,Valencia,98,302000,2,Apartment,2016
788,Sevilla,43,127000,1,Studio,2017
789,Madrid,113,401000,2,House,2018
790,Barcelona,63,274000,1,Apartment,2019
791,Valencia,66,130000,1,Studio,2020
792,Sevilla,78,201000,1,House,2021
793,Madrid,37,98000,1,Apartment,2022
794,Barcelona,193,852000,4,Studio,2023
795,Valencia,135,311000,3,House,2024
796,Sevilla,94,268000,2,Apartment,2010
797,Madrid,146,635000,3,Studio,2011
798,Barcelona,181,779000,4,House,2012
799,Valencia,181,498000,4,Apartment,2013
800,Sevilla,172,400000,4,Studio,2014
801,Madrid,83,290000,2,House,2015
802,Barcelona,212,959000,5,Apartment,2016
803,Valencia,178,519000,4,Studio,2017
804,Sevilla,132,349000,3,House,2018
805,Madrid,130,469000,3,Apartment,2019
806,Barcelona,146,687000,3,Studio,2020
807,Valencia,202,565000,5,House,2021
808,Sevilla,80,154000,2,Apartment,2022
809,Madrid,142,653000,3,Studio,2023
810,Barcelona,92,421000,2,House,2024
811,Valencia,87,211000,2,Apartment,2010
812,Sevilla,129,291000,3,Studio,2011
813,Madrid,186,732000,4,House,2012
814,Barcelona,214,937000,5,Apartment,2013
815,Valencia,46,80000,1,Studio,2014
816,Sevilla,127,347000,3,House,2015
817,Madrid,160,721000,4,Apartment,2016
818,Barcelona,51,232000,1,Studio,2017
819,Valencia,55,118000,1,House,2018
820,Sevilla,182,360000,4,Apartment,2019
821,Madrid,111,448000,2,Studio,2020
822,Barcelona,173,813000,4,House,2021
823,Valencia,155,402000,3,Apartment,2022
824,Sevilla,53,135000,1,Studio,2023
825,Madrid,177,725000,4,House,2024
826,Barcelona,142,632000,3,Apartment,2010
827,Valencia,134,407000,3,Studio,2011
828,Sevilla,82,151000,2,House,2012
829,Madrid,74,298000,1,Apartment,2013
830,Barcelona,168,690000,4,Studio,2014
831,Valencia,107,306000,2,House,2015
832,Sevilla,191,441000,4,Apartment,2016
833,Madrid,192,699000,4,Studio,2017
834,Barcelona,53,254000,1,House,2018
835,Valencia,60,177000,1,Apartment,2019
836,Sevilla,40,80000,1,Studio,2020
837,Madrid,61,193000,1,House,2021
838,Barcelona,101,458000,2,Apartment,2022
839,Valencia,131,289000,3,Studio,2023
840,Sevilla,44,162000,1,House,2024
841,Madrid,205,894000,5,Apartment,2010
842,Barcelona,175,789000,4,Studio,2011
843,Valencia,113,338000,2,House,2012
844,Sevilla,77,131000,1,Apartment,2013
845,Madrid,56,201000,1,Studio,2014
846,Barcelona,65,337000,1,House,2015
847,Valencia,64,170000,1,Apartment,2016
848,Sevilla,144,259000,3,Studio,2017
849,Madrid,105,496000,2,House,2018
850,Barcelona,93,347000,2,Apartment,2019
851,Valencia,139,406000,3,Studio,2020
852,Sevilla,38,117000,1,House,2021
853,Madrid,217,824000,5,Apartment,2022
854,Barcelona,69,366000,1,Studio,2023
855,Valencia,156,455000,3,House,2024
856,Sevilla,147,339000,3,Apartment,2010
857,Madrid,123,539000,3,Studio,2011
858,Barcelona,168,776000,4,House,2012
859,Valencia,183,416000,4,Apartment,2013
860,Sevilla,210,528000,5,Studio,2014
861,Madrid,149,555000,3,House,2015
862,Barcelona,120,499000,3,Apartment,2016
863,Valencia,114,365000,2,Studio,2017
864,Sevilla,65,130000,1,House,2018
865,Madrid,129,599000,3,Apartment,2019
866,Barcelona,217,871000,5,Studio,2020
867,Valencia,194,542000,4,House,2021
868,Sevilla,169,425000,4,Apartment,2022
869,Madrid,46,230000,1,Studio,2023
870,Barcelona,69,240000,1,House,2024
871,Valencia,58,136000,1,Apartment,2010
872,Sevilla,54,88000,1,Studio,2011
873,Madrid,203,775000,5,House,2012
874,Barcelona,139,642000,3,Apartment,2013
875,Valencia,39,178000,1,Studio,2014
876,Sevilla,187,385000,4,House,2015
877,Madrid,58,185000,1,Apartment,2016
878,Barcelona,69,373000,1,Studio,2017
879,Valencia,216,542000,5,House,2018
880,Sevilla,36,108000,1,Apartment,2019
881,Madrid,160,675000,4,Studio,2020
882,Barcelona,132,550000,3,House,2021
883,Valencia,53,85000,1,Apartment,2022
884,Sevilla,102,250000,2,Studio,2023
885,Madrid,191,834000,4,House,2024
886,Barcelona,91,402000,2,Apartment,2010
887,Valencia,63,215000,1,Studio,2011
888,Sevilla,57,100000,1,House,2012
889,Madrid,109,371000,2,Apartment,2013
890,Barcelona,191,811000,4,Studio,2014
891,Valencia,149,397000,3,House,2015
892,Sevilla,162,383000,4,Apartment,2016
893,Madrid,130,602000,3,Studio,2017
894,Barcelona,97,364000,2,House,2018
895,Valencia,183,424000,4,Apartment,2019
896,Sevilla,217,498000,5,Studio,2020
897,Madrid,213,926000,5,House,2021
898,Barcelona,67,260000,1,Apartment,2022
899,Valencia,188,565000,4,Studio,2023
900,Sevilla,116,305000,2,House,2024
901,Madrid,86,346000,2,Apartment,2010
902,Barcelona,197,857000,4,Studio,2011
903,Valencia,47,187000,1,House,2012
904,Sevilla,176,419000,4,Apartment,2013
905,Madrid,112,461000,2,Studio,2014
906,Barcelona,153,612000,3,House,2015
907,Valencia,161,490000,4,Apartment,2016
908,Sevilla,109,315000,2,Studio,2017
909,Madrid,57,262000,1,House,2018
910,Barcelona,40,203000,1,Apartment,2019
911,Valencia,182,435000,4,Studio,2020
912,Sevilla,182,379000,4,House,2021
913,Madrid,87,398000,2,Apartment,2022
914,Barcelona,125,473000,3,Studio,2023
915,Valencia,44,80000,1,House,2024
916,Sevilla,85,177000,2,Apartment,2010
917,Madrid,131,545000,3,Studio,2011
918,Barcelona,201,899000,5,House,2012
919,Valencia,55,146000,1,Apartment,2013
920,Sevilla,57,172000,1,Studio,2014
921,Madrid,182,771000,4,House,2015
922,Barcelona,99,371000,2,Apartment,2016
923,Valencia,80,174000,2,Studio,2017
924,Sevilla,95,164000,2,House,2018
925,Madrid,197,824000,4,Apartment,2019
926,Barcelona,165,736000,4,Studio,2020
927,Valencia,158,383000,3,House,2021
928,Sevilla,123,267000,3,Apartment,2022
929,Madrid,152,614000,3,Studio,2023
930,Barcelona,87,376000,2,House,2024
931,Valencia,63,103000,1,Apartment,2010
932,Sevilla,111,195000,2,Studio,2011
933,Madrid,136,625000,3,House,2012
934,Barcelona,122,509000,3,Apartment,2013
935,Valencia,130,325000,3,Studio,2014
936,Sevilla,89,230000,2,House,2015
937,Madrid,57,152000,1,Apartment,2016
938,Barcelona,208,959000,5,Studio,2017
939,Valencia,121,379000,3,House,2018
940,Sevilla,214,420000,5,Apartment,2019
941,Madrid,174,727000,4,Studio,2020
942,Barcelona,182,816000,4,House,2021
943,Valencia,75,120000,1,Apartment,2022
944,Sevilla,192,423000,4,Studio,2023
945,Madrid,135,479000,3,House,2024
946,Barcelona,43,210000,1,Apartment,2010
947,Valencia,164,388000,4,Studio,2011
948,Sevilla,49,112000,1,House,2012
949,Madrid,85,308000,2,Apartment,2013
950,Barcelona,147,618000,3,Studio,2014
951,Valencia,99,288000,2,House,2015
952,Sevilla,97,262000,2,Apartment,2016
953,Madrid,215,900000,5,Studio,2017
954,Barcelona,167,650000,4,House,2018
955,Valencia,49,111000,1,Apartment,2019
956,Sevilla,137,394000,3,Studio,2020
957,Madrid,178,675000,4,House,2021
958,Barcelona,102,386000,2,Apartment,2022
959,Valencia,186,472000,4,Studio,2023
960,Sevilla,210,476000,5,House,2024
961,Madrid,65,220000,1,Apartment,2010
962,Barcelona,48,230000,1,Studio,2011
963,Valencia,190,477000,4,House,2012
964,Sevilla,163,356000,4,Apartment,2013
965,Madrid,132,606000,3,Studio,2014
966,Barcelona,100,383000,2,House,2015
967,Valencia,141,446000,3,Apartment,2016
968,Sevilla,97,213000,2,Studio,2017
969,Madrid,95,343000,2,House,2018
970,Barcelona,188,875000,4,Apartment,2019
971,Valencia,99,264000,2,Studio,2020
972,Sevilla,135,388000,3,House,2021
973,Madrid,76,254000,1,Apartment,2022
974,Barcelona,180,799000,4,Studio,2023
975,Valencia,151,313000,3,House,2024
976,Sevilla,40,145000,1,Apartment,2010
977,Madrid,175,634000,4,Studio,2011
978,Barcelona,65,358000,1,House,2012
979,Valencia,200,539000,5,Apartment,2013
980,Sevilla,61,143000,1,Studio,2014
981,Madrid,42,223000,1,House,2015
982,Barcelona,121,535000,3,Apartment,2016
983,Valencia,209,498000,5,Studio,2017
984,Sevilla,39,80000,1,House,2018
985,Madrid,202,853000,5,Apartment,2019
986,Barcelona,120,492000,3,Studio,2020
987,Valencia,152,389000,3,House,2021
988,Sevilla,59,144000,1,Apartment,2022
989,Madrid,169,764000,4,Studio,2023
990,Barcelona,44,193000,1,House,2024
991,Valencia,208,572000,5,Apartment,2010
992,Sevilla,46,112000,1,Studio,2011
993,Madrid,173,775000,4,House,2012
994,Barcelona,110,451000,2,Apartment,2013
995,Valencia,133,373000,3,Studio,2014
996,Sevilla,53,120000,1,House,2015
997,Madrid,74,331000,1,Apartment,2016
998,Barcelona,103,388000,2,Studio,2017
999,Valencia,72,193000,1,House,2018
1000,Sevilla,183,354000,4,Apartment,2019
1001,Madrid,62,301000,1,Studio,2020
1002,Barcelona,179,771000,4,House,2021
1003,Valencia,216,510000,5,Apartment,2022
1004,Sevilla,199,514000,4,Studio,2023
1005,Madrid,65,301000,1,House,2024
1006,Barcelona,61,286000,1,Apartment,2010
1007,Valencia,106,282000,2,Studio,2011
1008,Sevilla,159,339000,3,House,2012
1009,Madrid,63,256000,1,Apartment,2013
1010,Barcelona,145,630000,3,Studio,2014
1011,Valencia,117,255000,2,House,2015
1012,Sevilla,120,294000,3,Apartment,2016
1013,Madrid,214,800000,5,Studio,2017
1014,Barcelona,108,536000,2,House,2018
1015,Valencia,141,438000,3,Apartment,2019
1016,Sevilla,85,208000,2,Studio,2020
1017,Madrid,57,207000,1,House,2021
1018,Barcelona,109,413000,2,Apartment,2022
1019,Valencia,38,137000,1,Studio,2023
1020,Sevilla,105,304000,2,House,2024
1021,Madrid,55,152000,1,Apartment,2010
1022,Barcelona,162,640000,4,Studio,2011
1023,Valencia,177,460000,4,House,2012
1024,Sevilla,107,230000,2,Apartment,2013
1025,Madrid,153,659000,3,Studio,2014
1026,Barcelona,207,908000,5,House,2015
1027,Valencia,151,316000,3,Apartment,2016
1028,Sevilla,188,375000,4,Studio,2017
1029,Madrid,37,94000,1,House,2018
1030,Barcelona,40,199000,1,Apartment,2019
1031,Valencia,44,108000,1,Studio,2020
1032,Sevilla,186,457000,4,House,2021
1033,Madrid,87,422000,2,Apartment,2022
1034,Barcelona,101,515000,2,Studio,2023
1035,Valencia,160,465000,4,House,2024
1036,Sevilla,59,132000,1,Apartment,2010
1037,Madrid,64,250000,1,Studio,2011
1038,Barcelona,103,409000,2,House,2012
1039,Valencia,184,400000,4,Apartment,2013
1040,Sevilla,151,353000,3,Studio,2014
1041,Madrid,159,584000,3,House,2015
1042,Barcelona,165,695000,4,Apartment,2016
1043,Valencia,205,570000,5,Studio,2017
1044,Sevilla,149,416000,3,House,2018
1045,Madrid,160,580000,4,Apartment,2019
1046,Barcelona,211,841000,5,Studio,2020
1047,Valencia,181,537000,4,House,2021
1048,Sevilla,184,357000,4,Apartment,2022
1049,Madrid,198,775000,4,Studio,2023
1050,Barcelona,139,540000,3,House,2024
1051,Valencia,117,257000,2,Apartment,2010
1052,Sevilla,195,516000,4,Studio,2011
1053,Madrid,178,741000,4,House,2012
1054,Barcelona,101,390000,2,Apartment,2013
1055,Valencia,90,268000,2,Studio,2014
1056,Sevilla,167,399000,4,House,2015
1057,Madrid,167,721000,4,Apartment,2016
1058,Barcelona,206,828000,5,Studio,2017
1059,Valencia,144,374000,3,House,2018
1060,Sevilla,41,158000,1,Apartment,2019
1061,Madrid,192,769000,4,Studio,2020
1062,Barcelona,128,485000,3,House,2021
1063,Valencia,197,477000,4,Apartment,2022
1064,Sevilla,83,158000,2,Studio,2023
1065,Madrid,171,669000,4,House,2024
1066,Barcelona,58,236000,1,Apartment,2010
1067,Valencia,203,506000,5,Studio,2011
1068,Sevilla,191,494000,4,House,2012
1069,Madrid,113,457000,2,Apartment,2013
1070,Barcelona,124,557000,3,Studio,2014
1071,Valencia,135,364000,3,House,2015
1072,Sevilla,81,150000,2,Apartment,2016
1073,Madrid,81,346000,2,Studio,2017
1074,Barcelona,53,224000,1,House,2018
1075,Valencia,86,188000,2,Apartment,2019
1076,Sevilla,81,246000,2,Studio,2020
1077,Madrid,152,562000,3,House,2021
1078,Barcelona,139,680000,3,Apartment,2022
1079,Valencia,57,109000,1,Studio,2023
1080,Sevilla,210,458000,5,House,2024
1081,Madrid,41,129000,1,Apartment,2010
1082,Barcelona,84,383000,2,Studio,2011
1083,Valencia,68,254000,1,House,2012
1084,Sevilla,122,265000,3,Apartment,2013
1085,Madrid,49,203000,1,Studio,2014
1086,Barcelona,40,138000,1,House,2015
1087,Valencia,54,183000,1,Apartment,2016
1088,Sevilla,82,254000,2,Studio,2017
1089,Madrid,145,653000,3,House,2018
1090,Barcelona,78,275000,1,Apartment,2019
1091,Valencia,67,233000,1,Studio,2020
1092,Sevilla,67,171000,1,House,2021
1093,Madrid,61,243000,1,Apartment,2022
1094,Barcelona,47,173000,1,Studio,2023
1095,Valencia,157,412000,3,House,2024
1096,Sevilla,89,138000,2,Apartment,2010
1097,Madrid,197,844000,4,Studio,2011
1098,Barcelona,175,723000,4,House,2012
1099,Valencia,216,535000,5,Apartment,2013
1100,Sevilla,35,80000,1,Studio,2014
1101,Madrid,129,552000,3,House,2015
1102,Barcelona,89,347000,2,Apartment,2016
1103,Valencia,151,330000,3,Studio,2017
1104,Sevilla,217,432000,5,House,2018
1105,Madrid,210,919000,5,Apartment,2019
1106,Barcelona,172,807000,4,Studio,2020
1107,Valencia,148,339000,3,House,2021
1108,Sevilla,84,269000,2,Apartment,2022
1109,Madrid,186,738000,4,Studio,2023
1110,Barcelona,36,91000,1,House,2024
1111,Valencia,54,115000,1,Apartment,2010
1112,Sevilla,60,179000,1,Studio,2011
1113,Madrid,138,583000,3,House,2012
1114,Barcelona,42,104000,1,Apartment,2013
1115,Valencia,191,550000,4,Studio,2014
1116,Sevilla,202,459000,5,House,2015
1117,Madrid,146,518000,3,Apartment,2016
1118,Barcelona,210,924000,5,Studio,2017
1119,Valencia,167,459000,4,House,2018
1120,Sevilla,141,277000,3,Apartment,2019
1121,Madrid,98,455000,2,Studio,2020
1122,Barcelona,146,706000,3,House,2021
1123,Valencia,66,182000,1,Apartment,2022
1124,Sevilla,103,186000,2,Studio,2023
1125,Madrid,100,369000,2,House,2024
1126,Barcelona,43,176000,1,Apartment,2010
1127,Valencia,128,269000,3,Studio,2011
1128,Sevilla,120,220000,3,House,2012
1129,Madrid,111,448000,2,Apartment,2013
1130,Barcelona,121,478000,3,Studio,2014
1131,Valencia,151,429000,3,House,2015
1132,Sevilla,91,205000,2,Apartment,2016
1133,Madrid,83,324000,2,Studio,2017
1134,Barcelona,190,771000,4,House,2018
1135,Valencia,52,170000,1,Apartment,2019
1136,Sevilla,187,483000,4,Studio,2020
1137,Madrid,172,650000,4,House,2021
1138,Barcelona,83,422000,2,Apartment,2022
1139,Valencia,60,219000,1,Studio,2023
1140,Sevilla,149,280000,3,House,2024
1141,Madrid,160,639000,4,Apartment,2010
1142,Barcelona,140,677000,3,Studio,2011
1143,Valencia,89,176000,2,House,2012
1144,Sevilla,91,189000,2,Apartment,2013
1145,Madrid,94,378000,2,Studio,2014
1146,Barcelona,124,513000,3,House,2015
1147,Valencia,220,624000,5,Apartment,2016
1148,Sevilla,216,469000,5,Studio,2017
1149,Madrid,151,639000,3,House,2018
1150,Barcelona,54,223000,1,Apartment,2019
1151,Valencia,196,461000,4,Studio,2020
1152,Sevilla,53,129000,1,House,2021
1153,Madrid,187,824000,4,Apartment,2022
1154,Barcelona,180,839000,4,Studio,2023
1155,Valencia,127,386000,3,House,2024
1156,Sevilla,171,351000,4,Apartment,2010
1157,Madrid,172,682000,4,Studio,2011
1158,Barcelona,82,338000,2,House,2012
1159,Valencia,168,456000,4,Apartment,2013
1160,Sevilla,38,80000,1,Studio,2014
1161,Madrid,57,297000,1,House,2015
1162,Barcelona,148,645000,3,Apartment,2016
1163,Valencia,138,305000,3,Studio,2017
1164,Sevilla,114,258000,2,House,2018
1165,Madrid,77,383000,1,Apartment,2019
1166,Barcelona,205,962000,5,Studio,2020
1167,Valencia,170,389000,4,House,2021
1168,Sevilla,209,457000,5,Apartment,2022
1169,Madrid,154,620000,3,Studio,2023
1170,Barcelona,75,277000,1,House,2024
1171,Valencia,118,264000,2,Apartment,2010
1172,Sevilla,35,80000,1,Studio,2011
1173,Madrid,64,195000,1,House,2012
1174,Barcelona,50,222000,1,Apartment,2013
1175,Valencia,118,253000,2,Studio,2014
1176,Sevilla,97,261000,2,House,2015
1177,Madrid,121,506000,3,Apartment,2016
1178,Barcelona,140,542000,3,Studio,2017
1179,Valencia,156,464000,3,House,2018
1180,Sevilla,98,185000,2,Apartment,2019
1181,Madrid,53,245000,1,Studio,2020
1182,Barcelona,93,485000,2,House,2021
1183,Valencia,56,222000,1,Apartment,2022
1184,Sevilla,203,490000,5,Studio,2023
1185,Madrid,86,270000,2,House,2024
1186,Barcelona,121,511000,3,Apartment,2010
1187,Valencia,160,474000,4,Studio,2011
1188,Sevilla,79,141000,1,House,2012
1189,Madrid,195,771000,4,Apartment,2013
1190,Barcelona,59,295000,1,Studio,2014
1191,Valencia,62,97000,1,House,2015
1192,Sevilla,51,122000,1,Apartment,2016
1193,Madrid,76,352000,1,Studio,2017
1194,Barcelona,77,318000,1,House,2018
1195,Valencia,177,485000,4,Apartment,2019
1196,Sevilla,83,248000,2,Studio,2020
1197,Madrid,174,628000,4,House,2021
1198,Barcelona,105,434000,2,Apartment,2022
1199,Valencia,100,249000,2,Studio,2023
1200,Sevilla,194,468000,4,House,2024
